x,x,x,x,x
x,0,0.926514005986974,0.772615476511419,0.825577979441732
x,0,0.626593631692231,0.820863124448806,0.23569943709299
x,0,0.749192725867033,0.518024992896244,0.606318337842822
x,0,0.530422567157075,0.951096839504316,0.524361492134631
x,1,0.522591477725655,0.274892891990021,0.506438960088417
x,0,0.00349539262242615,0.375165760051459,0.0395396614912897
x,0,0.172940331278369,0.994247697526589,0.570645281812176
x,1,0.654219127027318,0.553923760540783,0.124679384520277
x,1,0.210671353852376,0.525095601333305,0.243260833900422
x,1,0.811848279787228,0.0516672418452799,0.542143816594034
x,1,0.0174252949655056,0.0754036998841912,0.935213345801458
x,0,0.111302592558786,0.582702858606353,0.464666502084583
x,1,0.51169833005406,0.496356663992628,0.0454283885192126
x,1,0.0302661806344986,0.247855187393725,0.0513814899604768
x,1,0.240533882752061,0.258007436059415,0.539537557167932
x,0,0.711106649134308,0.365637920564041,0.23361031501554
x,1,0.486040459712967,0.130209172843024,0.110213843174279
x,0,0.248907375382259,0.587806777330115,0.252522326074541
x,1,0.452435353538021,0.779146429151297,0.0543739106506109
x,1,0.326259650522843,0.962141914991662,0.923409158131108
x,1,0.690002696122974,0.117435648338869,0.808806486660615
x,1,0.0107534364797175,0.686580538982525,0.850231470540166
x,1,0.0916257719509304,0.328053488861769,0.694889188045636
x,1,0.16426419490017,0.245164913125336,0.515996308065951
x,0,0.699621450621635,0.108472713502124,0.513578506652266
x,1,0.979344838298857,0.780551044270396,0.196065987925977
x,0,0.563583776820451,0.120437114266679,0.634398080408573
x,1,0.211023670388386,0.782378107309341,0.145671470556408
x,0,0.770061397226527,0.610859733540565,0.598436183994636
x,1,0.338698198320344,0.292747976491228,0.872019923990592
x,0,0.223723141010851,0.563113800948486,0.163530218880624
x,1,0.889755849726498,0.880080502713099,0.404226715443656
x,0,0.791302419966087,0.36973724514246,0.000803219620138407
x,1,0.498369734501466,0.473896365612745,0.330848613288254
x,1,0.297509265132248,0.911187530262396,0.599195811431855
x,1,0.621544458670542,0.74390813219361,0.608591806143522
x,1,0.742258353391662,0.378622909076512,0.805514336330816
x,0,0.239052720367908,0.718938846373931,0.869760446483269
x,0,0.451180092291906,0.731180172180757,0.0765114300884306
x,1,0.366124790627509,0.937729456927627,0.588433231459931
x,0,0.0377536262385547,0.0742439951281995,0.19499114016071
x,0,0.960576680256054,0.86472477694042,0.0130100164096802
x,0,0.396602936321869,0.117895636474714,0.417348268441856
x,1,0.813081432366744,0.461168429581448,0.625487285898998
x,1,0.805978732416406,0.93621960002929,0.623452679021284
x,1,0.266078031621873,0.429162701591849,0.244018669938669
x,0,0.0464443492237478,0.754131969995797,0.372828332241625
x,1,0.152128135086969,0.320179759524763,0.819586007157341
x,0,0.776912237284705,0.405335395364091,0.711057540262118
x,0,0.102097239810973,0.564875803887844,0.934438820462674
x,0,0.154971972340718,0.97623088164255,0.825438490137458
x,1,0.884206010727212,0.398417906835675,0.00592578179202974
x,1,0.739799628965557,0.22004480776377,0.54634049301967
x,1,0.168639204232022,0.83495755516924,0.713694213423878
x,1,0.24991310108453,0.215334207518026,0.841477119363844
x,1,0.963869426865131,0.383239747723565,0.575996201718226
x,0,0.0712429913692176,0.0493961635511369,0.555614361306652
x,1,0.208440415095538,0.479011218529195,0.872559104580432
x,0,0.978606976335868,0.668114942964166,0.0274474823381752
x,0,0.888374961679801,0.0439318085554987,0.730052146362141
x,1,0.062824409455061,0.0914342668838799,0.554910905193537
x,0,0.538110150489956,0.553221924230456,0.727677661227062
x,0,0.0237719586584717,0.511170800309628,0.730449459282681
x,1,0.904782028635964,0.417953338939697,0.504520455142483
x,1,0.474624222377315,0.696915083564818,0.600766417104751
x,0,0.0425767793785781,0.383797410177067,0.160936904605478
x,0,0.441494164522737,0.341951294802129,0.465298266615719
x,1,0.50277749937959,0.708987385733053,0.304420941509306
x,1,0.458197228610516,0.2933977865614,0.678953961469233
x,1,0.921690155519173,0.0443146745674312,0.980563848977908
x,0,0.6683742669411,0.298119083745405,0.75535360048525
x,1,0.879329882794991,0.247790094930679,0.270342098549008
x,0,0.715354797197506,0.999107096577063,0.800781384576112
x,1,0.608954693190753,0.917979042744264,0.592269408050925
x,1,0.51746616140008,0.591979830758646,0.689359078649431
x,0,0.621060604229569,0.429407266667113,0.392684931401163
x,0,0.968811662867665,0.324840652989224,0.0311841820366681
x,0,0.607216290896758,0.240166325122118,0.696828100830317
x,0,0.0535107115283608,0.828361223451793,0.605746604735032
x,0,0.734590555774048,0.335183779941872,0.0482655365485698
x,1,0.164639733731747,0.589554044650868,0.75277741602622
x,1,0.398249924415722,0.825543636456132,0.447658466408029
x,1,0.778260518796742,0.148762095021084,0.605352265760303
x,1,0.25000689085573,0.591881160857156,0.960526154376566
x,1,0.212119050091133,0.342119859298691,0.872834010282531
x,0,0.615751903038472,0.500729958061129,0.332339638378471
x,0,0.785224871477112,0.984665649477392,0.234846937004477
x,1,0.219696256797761,0.0351204173639417,0.314018737757578
x,1,0.348364948295057,0.733457501744851,0.149388644378632
x,0,0.48140409681946,0.650671220850199,0.0303198627661914
x,1,0.159976362017915,0.366756701376289,0.779707919806242
x,0,0.495945997070521,0.0353549770079553,0.00678919721394777
x,1,0.0546387752983719,0.586071482626721,0.0383800773415715
x,0,0.247836605412886,0.506817815825343,0.739768903469667
x,0,0.759371746564284,0.438493790337816,0.355147807858884
x,0,0.150792536092922,0.304607990197837,0.0408228472806513
x,0,0.871432240353897,0.623360767727718,0.321679569315165
x,1,0.38620149041526,0.870562477735803,0.000191286439076066
x,0,0.966292210388929,0.497705239104107,0.285993879195303
x,1,0.311960084596649,0.444568732520565,0.0798978637903929
x,0,0.239614771446213,0.94872492691502,0.848024922190234
x,0,0.717729416908696,0.59871816681698,0.330144839594141
x,0,0.948748024646193,0.49389088852331,0.357669804943725
x,0,0.954555158503354,0.219463012414053,0.589880549348891
x,1,0.28593964013271,0.335087976651266,0.862068039597943
x,1,0.0786235595587641,0.566708876285702,0.247436859179288
x,0,0.24583684373647,0.672045237850398,0.856342001352459
x,1,0.796552720014006,0.344837604090571,0.106492205290124
x,0,0.564316114876419,0.160133251687512,0.296286452095956
x,1,0.16747770505026,0.802497893804684,0.101614835904911
x,1,0.788994022877887,0.248921065125614,0.840723417932168
x,0,0.486901626456529,0.457002745009959,0.591195826185867
x,0,0.469595409696922,0.445127907441929,0.0838988493196666
x,0,0.373213424580172,0.596265187719837,0.721001504687592
x,0,0.30377452285029,0.985433906316757,0.877906087087467
x,0,0.389470055466518,0.841355079784989,0.271583719411865
x,0,0.735472487052903,0.249224291415885,0.452298820950091
x,0,0.991892856778577,0.8957695660647,0.612253373255953
x,1,0.0566166723147035,0.266592365689576,0.24616981158033
x,0,0.33357763546519,0.310841910773888,0.883815981913358
x,0,0.618161869468167,0.000135558424517512,0.173465381143615
x,0,0.90003475616686,0.0631408055778593,0.0655633837450296
x,0,0.675743055064231,0.974215178284794,0.640842218883336
x,1,0.230862885480747,0.854383075144142,0.337792152073234
x,0,0.193204683018848,0.8027724546846,0.57064573909156
x,1,0.84965380304493,0.552096641855314,0.740974339190871
x,0,0.14828684180975,0.292894071433693,0.910377686144784
x,1,0.565317181637511,0.319447005633265,0.995862664654851
x,1,0.464673235081136,0.635097395163029,0.649723898386583
x,1,0.0641522649675608,0.101864176336676,0.150590610690415
x,1,0.697952234651893,0.917594261700287,0.762401393614709
x,1,0.484035209286958,0.0811268915422261,0.809138003969565
x,0,0.103811586508527,0.337111823726445,0.0582178153563291
x,1,0.973995766136795,0.17146900226362,0.80466766981408
x,0,0.917415781412274,0.678462622221559,0.880299157230183
x,1,0.487947450950742,0.0660058946814388,0.374404236441478
x,1,0.37782671302557,0.693203143076971,0.601484929211438
x,0,0.31922178179957,0.16336783953011,0.285549987573177
x,0,0.872768390458077,0.720999106299132,0.673880615271628
x,1,0.679564006160945,0.264370982535183,0.139837560243905
x,0,0.858641513157636,0.0625807521864772,0.816516271326691
x,1,0.144834531471133,0.0843910903204232,0.44572367426008
x,1,0.501647320110351,0.00588492187671363,0.596066344995052
x,0,0.603545436169952,0.413885871646926,0.831457651220262
x,0,0.32740544853732,0.0600784257985651,0.609137267107144
x,1,0.733499717898667,0.381255561951548,0.250868252711371
x,0,0.252721286378801,0.247467392357066,0.781731257913634
x,0,0.10626509017311,0.886968293925747,0.269013468176126
x,0,0.300402120919898,0.186119982972741,0.185463150031865
x,1,0.227372471475974,0.263472315389663,0.422745425486937
x,1,0.0271442937664688,0.890989611390978,0.0983644342049956
x,0,0.703561093891039,0.128158118575811,0.998755790293217
x,0,0.764777133706957,0.725832751719281,0.899837487610057
x,0,0.0171235471498221,0.917637650156394,0.722409144975245
x,0,0.826272731879726,0.808782091131434,0.519349506357685
x,0,0.0664838431403041,0.462354872142896,0.332588516175747
x,1,0.241172708570957,0.463152838405222,0.837976492475718
x,0,0.42841379228048,0.935489798663184,0.515928051434457
x,0,0.664420763030648,0.0961253452114761,0.929006108548492
x,1,0.390435084234923,0.610095865791664,0.116741101955995
x,1,0.686064461711794,0.376275380840525,0.635203565470874
x,0,0.0498744430951774,0.249441357096657,0.844164253678173
x,1,0.635528896935284,0.4981164324563,0.00185883138328791
x,1,0.103822250617668,0.789171908749267,0.879380842205137
x,1,0.844366484088823,0.250889219343662,0.303777490509674
x,1,0.50954683101736,0.125957260839641,0.225944187957793
x,1,0.521985062863678,0.514606191776693,0.762827460188419
x,0,0.870476675685495,0.095170725369826,0.0478359910193831
x,0,0.608770919963717,0.825698761502281,0.653524712193757
x,1,0.377841044450179,0.751267778687179,0.207569641759619
x,0,0.645146167371422,0.504580687265843,0.588659110246226
x,0,0.601420147111639,0.614277942571789,0.129498259630054
x,1,0.376728550298139,0.260915759718046,0.343169635394588
x,0,0.942495951196179,0.811060252133757,0.535815981449559
x,1,0.58515428728424,0.220091429073364,0.226192081114277
x,0,0.975824255263433,0.705057117156684,0.661469609243795
x,1,0.871738324174657,0.617547343717888,0.462354352930561
x,1,0.864422604208812,0.850384477991611,0.196192103438079
x,0,0.664713032077998,0.991516661597416,0.579998784232885
x,1,0.64565950888209,0.913163583958521,0.253245353233069
x,1,0.692379349144176,0.315038863103837,0.252185568213463
x,1,0.825088700046763,0.742013290757313,0.380109829362482
x,0,0.875887903850526,0.155092495493591,0.283154035452753
x,1,0.390406552935019,0.354473363608122,0.945305039174855
x,1,0.299931357614696,0.86717816721648,0.542623567162082
x,0,0.953037308994681,0.722290681675076,0.47502854000777
x,0,0.121820950647816,0.947805602336302,0.202656180597842
x,0,0.543775925645605,0.464234463172033,0.622046702774242
x,0,0.178896266967058,0.913362622261047,0.374826795887202
x,0,0.971950397593901,0.390450956998393,0.489419183228165
x,0,0.784017025493085,0.0225145977456123,0.341392641188577
x,1,0.829228879185393,0.547439713496715,0.220595398917794
x,0,0.978932806756347,0.347617696970701,0.124279543990269
x,0,0.298731236020103,0.178402558434755,0.327618300449103
x,0,0.868035677354783,0.788264133268967,0.583918740507215
x,1,0.557382877916098,0.486509967828169,0.24650874407962
x,0,0.944878492038697,0.2174871226307,0.764667310519144
x,1,0.610639584250748,0.624053028877825,0.669020349392667
x,1,0.148554111132398,0.760062413057312,0.921326869400218
x,0,0.0152837419882417,0.131593304686248,0.155986316967756
x,0,0.00797306257300079,0.557472611777484,0.0391840056981891
x,0,0.719024945283309,0.492136199260131,0.739951087860391
x,1,0.498531867517158,0.939793341560289,0.0997351314872503
x,1,0.506715493276715,0.572690317640081,0.0605709331575781
x,0,0.333922990364954,0.936815968714654,0.198145019123331
x,0,0.496451052837074,0.403513345867395,0.060202770633623
x,1,0.186722906539217,0.892316466430202,0.649719033157453
x,1,0.920306417625397,0.350386037724093,0.522060113726184
x,0,0.0776192918419838,0.574859751854092,0.112743875477463
x,0,0.771370354807004,0.568565915571526,0.164919011993334
x,0,0.11957965628244,0.621868455549702,0.570002380525693
x,0,0.0383054707199335,0.977906040614471,0.913107531378046
x,1,0.662902771728113,0.998005224158987,0.352359669515863
x,0,0.716776486020535,0.972742001060396,0.650509481551126
x,0,0.000161082483828068,0.481727400794625,0.174151913728565
x,1,0.894482649397105,0.333247450646013,0.510665339417756
x,1,0.177944266004488,0.798555490327999,0.983327367343009
x,1,0.80044695851393,0.602014690637589,0.939620745135471
x,0,0.959808684652671,0.513735554879531,0.26332759228535
x,1,0.142111388035119,0.128301684278995,0.38195470883511
x,1,0.719202290289104,0.936321902787313,0.259170752950013
x,0,0.561580801382661,0.769675920484588,0.630983017850667
x,1,0.861225679749623,0.968423756537959,0.634514295030385
x,0,0.623947622487321,0.844220509752631,0.634168233256787
x,0,0.504570663440973,0.312179594533518,0.367763483896852
x,1,0.921003545401618,0.269839823711663,0.65922148223035
x,0,0.388807539595291,0.485518497182056,0.113731779856607
x,1,0.1745793025475,0.809511798899621,0.559086246415973
x,0,0.837369362823665,0.183911887696013,0.908421645872295
x,0,0.266550031490624,0.754461466567591,0.959139237413183
x,0,0.322024133987725,0.18876522523351,0.33772158017382
x,0,0.736738890875131,0.373092282097787,0.155601348960772
x,0,0.180344843771309,0.798093853052706,0.643592865671962
x,0,0.0625457849819213,0.848451022058725,0.787228281609714
x,0,0.018601561896503,0.551422202493995,0.133647800423205
x,1,0.793820798164234,0.824174168519676,0.338030625833198
x,0,0.864624221809208,0.74503467977047,0.719043086050078
x,1,0.260783669073135,0.234510147711262,0.735072247684002
x,0,0.0164068024605513,0.258842382114381,0.842587738065049
x,1,0.428957917494699,0.459505011560395,0.549501038622111
x,1,0.307700092205778,0.29055324010551,0.313042016001418
x,0,0.805694016627967,0.916081979637966,0.69470899971202
x,0,0.868464526720345,0.248055086005479,0.811692780815065
x,1,0.0245408518239856,0.920398938003927,0.0958721465431154
x,1,0.496737473644316,0.516360239591449,0.884407597128302
x,0,0.401380075840279,0.771928145317361,0.447871582116932
x,0,0.889440189814195,0.720693663693964,0.887175088748336
x,0,0.202746161492541,0.942147347610444,0.605957304360345
x,1,0.427959769964218,0.880828008055687,0.125438168644905
x,0,0.497706199763343,0.851700381841511,0.409146302612498
x,1,0.624115777667612,0.511935458984226,0.386433027219027
x,0,0.613830824149773,0.874715980608016,0.253669357160106
x,1,0.974068954586983,0.449388641165569,0.512656660517678
x,0,0.292734263464808,0.339059135410935,0.685227559646592
x,1,0.984396862564608,0.985477772075683,0.467704407172278
x,0,0.754478930495679,0.20906594581902,0.658846710575745
x,0,0.585198556305841,0.583706201752648,0.550536310765892
x,1,0.114416569238529,0.343886016635224,0.697935706470162
x,0,0.574610764393583,0.870225357590243,0.435517408652231
x,0,0.77946114493534,0.253345103003085,0.265917643671855
x,1,0.504254886182025,0.71029531955719,0.393876669928432
x,1,0.596553234849125,0.960535869933665,0.45884081791155
x,1,0.733542326837778,0.728203991660848,0.0258403483312577
x,0,0.175059973495081,0.713115314720199,0.839582458138466
x,0,0.850584647618234,0.845082361018285,0.381083048181608
x,1,0.275046302704141,0.747910348698497,0.876242883037776
x,0,0.410412000725046,0.0778724648989737,0.445663121063262
x,1,0.33402073988691,0.0430958094075322,0.975120555842295
x,1,0.980665560346097,0.89136686665006,0.56419589696452
x,0,0.580222671618685,0.588414447847754,0.235446491744369
x,0,0.170282558072358,0.51114850025624,0.142572437180206
x,0,0.745364066213369,0.035408727126196,0.62021390744485
x,1,0.429572262335569,0.948986274190247,0.476630607387051
x,0,0.472054802579805,0.538066335953772,0.748113645240664
x,0,0.317720209714025,0.846911625238135,0.451417404226959
x,0,0.0820207756478339,0.632946717087179,0.567410746822134
x,0,0.665218647336587,0.835433086613193,0.426295652752742
x,1,0.997880634851754,0.125909323105589,0.0031781317666173
x,0,0.976259065559134,0.59523136774078,0.630713844671845
x,0,0.106226038653404,0.883664318593219,0.153650821652263
x,1,0.00284918351098895,0.738252559909597,0.761746329022571
x,0,0.919280085945502,0.16914597270079,0.800717238569632
x,1,0.256942434469238,0.137419163947925,0.647010731277987
x,1,0.456607905216515,0.277148288441822,0.722979752812535
x,0,0.399855406256393,0.418735826853663,0.767299275146797
x,0,0.750659708399326,0.583578173769638,0.798756203614175
x,0,0.823536002309993,0.889794718241319,0.0601998828351498
x,1,0.114453269168735,0.587367037544027,0.838378670625389
x,1,0.888018105179071,0.781378870597109,0.0473420445341617
x,0,0.122914089588448,0.160732351010665,0.982191441813484
x,1,0.386641304241493,0.361649172147736,0.558903113007545
x,0,0.383316650055349,0.848014289746061,0.0287781720981002
x,1,0.917506322497502,0.431622468866408,0.0400547166354954
x,1,0.766898797126487,0.518852733308449,0.818818620406091
x,0,0.739835667889565,0.382805381435901,0.0998171265237033
x,1,0.337655979441479,0.0438498363364488,0.375307945068926
x,0,0.576593328732997,0.399088453501463,0.352736717322841
x,0,0.00629373593255877,0.259527302812785,0.650329035473987
x,1,0.661680564051494,0.299656591843814,0.817447864217684
x,0,0.132673647953197,0.0300074210390449,0.743253924418241
x,1,0.496745253214613,0.165708373533562,0.71890670619905
x,1,0.64620476285927,0.475106967845932,0.944277704693377
x,1,0.38088532560505,0.552178031997755,0.521919754333794
x,0,0.497034548548982,0.956664733123034,0.546536945505068
x,0,0.512196731753647,0.656074422411621,0.339787335367873
x,1,0.923194321105257,0.498468233272433,0.742141842609271
x,1,0.706734464736655,0.612862161360681,0.230256108567119
x,1,0.0135236186906695,0.459145527798682,0.0192657096777111
x,0,0.901218267856166,0.859188632341102,0.343067605514079
x,0,0.625024721957743,0.63211956503801,0.562613812508062
x,1,0.835570533992723,0.256989622022957,0.643427659291774
x,1,0.762047319440171,0.648644470376894,0.388972094282508
x,0,0.136066240025684,0.455371093004942,0.9801710837055
x,0,0.976253379136324,0.699209995800629,0.362728692824021
x,0,0.13953973329626,0.373164869844913,0.669076600577682
x,1,0.280240058666095,0.394408733118325,0.767976630013436
x,1,0.933349853381515,0.632513738702983,0.740407790057361
x,1,0.404577705310658,0.779399052262306,0.561532056424767
x,1,0.0971126169897616,0.110854366095737,0.067986422451213
x,1,0.925845569232479,0.561052792938426,0.174475041916594
x,1,0.470574623905122,0.430187061894685,0.676928343949839
x,1,0.627946510212496,0.53427299996838,0.182661905186251
x,1,0.614861286943778,0.0759955819230527,0.722912074066699
x,0,0.381504956865683,0.0558658747468144,0.974190073786303
x,0,0.294066881760955,0.667512428015471,0.223019624594599
x,1,0.26145150186494,0.693727987119928,0.874350658152252
x,0,0.711461902130395,0.592156944330782,0.450271948939189
x,1,0.369805739494041,0.414089526515454,0.234528983244672
x,1,0.823343174532056,0.166757836239412,0.838479894446209
x,0,0.518628256395459,0.23458296386525,0.158110532909632
x,1,0.775623408844694,0.167834321036935,0.894416705006734
x,0,0.58170808153227,0.138957113027573,0.735422987258062
x,1,0.383893078425899,0.631935684708878,0.826763543533161
x,1,0.50171067006886,0.0551234085578471,0.191952124703676
x,1,0.204703143099323,0.0464702192693949,0.856545739341527
x,1,0.19759362260811,0.307809153338894,0.648158393800259
x,0,0.922460694797337,0.168189922347665,0.136350532295182
x,0,0.382833517855033,0.242881611688063,0.548304811818525
x,0,0.544751660432667,0.129512956598774,0.95751650701277
x,1,0.538330060895532,0.184029828524217,0.0911001726053655
x,1,0.385517959948629,0.448720626533031,0.920994085026905
x,1,0.890369257424027,0.282617153832689,0.674866317771375
x,0,0.750899108825251,0.185288769891486,0.284220325062051
x,1,0.983885927125812,0.564781675580889,0.156658103456721
x,1,0.396729219006374,0.761595723684877,0.410780140431598
x,0,0.13904368900694,0.67639322206378,0.894432150991634
x,1,0.89764826069586,0.264401227002963,0.849163674982265
x,1,0.613526350585744,0.278865657513961,0.803986227605492
x,0,0.593517828499898,0.76599396718666,0.51516295527108
x,1,0.739212433341891,0.203656940022483,0.302747958805412
x,1,0.492724274285138,0.34613499417901,0.515593481017277
x,0,0.798060139641166,0.510571622289717,0.825750921387225
x,0,0.37491670018062,0.3425577217713,0.665243338560686
x,0,0.438111765542999,0.863229075446725,0.0683271391317248
x,1,0.220917269820347,0.0348994974046946,0.498490351485088
x,0,0.954957470297813,0.739764365833253,0.995190255343914
x,1,0.659052405972034,0.485247223405167,0.0532012896146625
x,1,0.310553279006854,0.160419413121417,0.53150324197486
x,0,0.478048621444032,0.686592895071954,0.332971832249314
x,0,0.806763795670122,0.0953326972667128,0.495413518045098
x,1,0.951874644262716,0.453126278007403,0.369131126673892
x,1,0.165788143640384,0.312763292109594,0.525604316266254
x,1,0.601694936631247,0.950773478485644,0.766868320293725
x,1,0.441551088355482,0.0881947688758373,0.818314784672111
x,0,0.74244282557629,0.159825706155971,0.155375489732251
x,0,0.581875225761905,0.380593000445515,0.893916614353657
x,0,0.105877309804782,0.512385464971885,0.530041345162317
x,0,0.134713991545141,0.462655526585877,0.68328645825386
x,1,0.896619270555675,0.910982083296403,0.169178201351315
x,1,0.514993187971413,0.833336790092289,0.0451430836692452
x,0,0.914375438122079,0.632953238207847,0.60830565658398
x,1,0.66545454133302,0.791857627220452,0.398446599487215
x,0,0.208940316457301,0.829953739885241,0.29795043473132
x,1,0.693367384374142,0.244189344579354,0.245755346491933
x,1,0.524557760450989,0.917529421159998,0.308687506476417
x,1,0.832155688432977,0.320053887786344,0.896715711336583
x,1,0.394791976781562,0.158021319657564,0.958086998201907
x,1,0.587113338289782,0.691524749388918,0.483663321705535
x,1,0.060897151241079,0.934257983695716,0.538117165211588
x,1,0.816190801560879,0.251110089709982,0.736173443961889
x,1,0.352014598436654,0.526256927521899,0.0543422903865576
x,0,0.67614390864037,0.353411432821304,0.885618893429637
x,0,0.499992439057678,0.567358506610617,0.0967783525120467
x,0,0.541947483317927,0.109819058794528,0.708269979804754
x,0,0.291656031971797,0.926599262980744,0.818551504984498
x,1,0.0325925862416625,0.949718449031934,0.233764732955024
x,1,0.945830934215337,0.743643060093746,0.50705330260098
x,1,0.111531967064366,0.959928233874962,0.22482305788435
x,0,0.673226276412606,0.979499717941508,0.764500216115266
x,1,0.247160771396011,0.26864648796618,0.10365102137439
x,0,0.722119625657797,0.505549446679652,0.31005764962174
x,1,0.315695398487151,0.268252284964547,0.617661979049444
x,0,0.92766117490828,0.618585511343554,0.234722133958712
x,0,0.935185767710209,0.502426996594295,0.388332840753719
x,0,0.55018889834173,0.804162834770977,0.525808468228206
x,0,0.884053688962013,0.106568701798096,0.266290542203933
x,1,0.700963693205267,0.562961497111246,0.774268560810015
x,0,0.763424497796223,0.473211139906198,0.194885677425191
x,1,0.37285127514042,0.467241524951532,0.29816602380015
x,0,0.648184665478766,0.972141262842342,0.939738336019218
x,1,0.836297996342182,0.93962186970748,0.345563079463318
x,0,0.028070003958419,0.754943465348333,0.17173362779431
x,1,0.643543993821368,0.484990041004494,0.477847961476073
x,0,0.0454809439834207,0.527489986503497,0.565747228451073
x,0,0.942622150527313,0.755817493190989,0.459450214868411
x,1,0.410651735728607,0.239514863817021,0.371422816533595
x,0,0.60184082086198,0.0272601831238717,0.930850289063528
x,1,0.430794896092266,0.647027721861377,0.0138246270362288
x,0,0.256589198950678,0.648655061144382,0.82462614774704
x,1,0.0494937209878117,0.00304179941304028,0.975408716825768
x,0,0.176650417968631,0.645252882270142,0.63295584009029
x,0,0.0604675651993603,0.942362563917413,0.52774264337495
x,1,0.18871222040616,0.0910569205880165,0.336061631795019
x,0,0.15741080744192,0.21587773389183,0.143685060553253
x,1,0.464223581599072,0.991182197351009,0.144654378527775
x,1,0.795191661920398,0.186175223207101,0.88106789207086
x,1,0.948637346038595,0.0597004394512624,0.312069094274193
x,0,0.321570692816749,0.987917063757777,0.00935554644092917
x,1,0.547267999965698,0.645006046164781,0.740657485323027
x,1,0.521279274253175,0.605856853304431,0.0767221665009856
x,0,0.880258529214188,0.525204725563526,0.921661006752402
x,0,0.275606113253161,0.0332486776169389,0.923701684223488
x,0,0.855519800679758,0.461506590247154,0.909838741412386
x,1,0.354419471463189,0.941165587399155,0.138068563770503
x,0,0.887264095712453,0.845732150133699,0.165146706392989
x,0,0.438549094134942,0.883543968666345,0.0949028618633747
x,1,0.417513618245721,0.725175746250898,0.0906198632437736
x,0,0.341425610473379,0.0357251139357686,0.998864075168967
x,0,0.609069741796702,0.283805309562013,0.510913516161963
x,1,0.228336350992322,0.612608177820221,0.579538265476003
x,1,0.187890796689317,0.75687906704843,0.549563768785447
x,1,0.508310841629282,0.116561557399109,0.803316627396271
x,1,0.320016251411289,0.238139765104279,0.757497044047341
x,1,0.442394978366792,0.941065513994545,0.560727660311386
x,0,0.327290696790442,0.981897837482393,0.727801884757355
x,0,0.303063300903887,0.548922332236543,0.934469055850059
x,0,0.364223413867876,0.138280736515298,0.4598630273249
x,0,0.419111201772466,0.752058706013486,0.604499431792647
x,1,0.536872964818031,0.534169028745964,0.941006644396111
x,0,0.355041789356619,0.505693059880286,0.386424807133153
x,1,0.276664334349334,0.126448392868042,0.58364754053764
x,0,0.879696396877989,0.13815695582889,0.433186098234728
x,0,0.731369632761925,0.455640672007576,0.610760386334732
x,0,0.828330621356145,0.640013490570709,0.808124357135966
x,0,0.80758404918015,0.101529310457408,0.0126128364354372
x,0,0.138835475547239,0.799872042611241,0.496417223708704
x,0,0.251669582212344,0.200083115836605,0.158219379605725
x,0,0.190591252408922,0.927452488336712,0.575992975383997
x,0,0.47177456272766,0.387850332772359,0.953533701831475
x,0,0.267904552165419,0.888084628153592,0.338916083797812
x,1,0.42003018502146,0.200586876831949,0.61529302620329
x,1,0.658526553539559,0.182469234103337,0.311488777864724
x,1,0.663242348935455,0.214589080540463,0.597090472001582
x,0,0.681403309805319,0.809797944733873,0.21874475502409
x,0,0.181047105230391,0.0054385547991842,0.246711630839854
x,1,0.00667511764913797,0.776941910153255,0.410566909704357
x,1,0.697175644338131,0.878874043934047,0.148933140328154
x,0,0.4414355722256,0.759648763108999,0.784088454674929
x,0,0.281424011103809,0.653376470785588,0.655252591241151
x,0,0.465253559872508,0.781288182595745,0.925309528596699
x,1,0.945970918284729,0.718809315934777,0.385367538779974
x,1,0.0240756962448359,0.360689756227657,0.260555492714047
x,0,0.249568477272987,0.925004519289359,0.302925990428776
x,1,0.0435747499577701,0.556562438840047,0.249236668925732
x,1,0.940054188482463,0.20891079865396,0.549807176692411
x,1,0.678554099751636,0.692139223450795,0.805515495594591
x,0,0.88133442774415,0.155213323887438,0.155488756485283
x,1,0.404380104970187,0.411386425141245,0.524790910771117
x,1,0.414005412487313,0.0215189766604453,0.578401212813333
x,1,0.118887122953311,0.559009703574702,0.634735050611198
x,1,0.786266917129979,0.875799299450591,0.565167501103133
x,1,0.874697945779189,0.0235500077251345,0.67673358367756
x,1,0.225170654710382,0.966499808710068,0.963054167106748
x,1,0.108260693959892,0.840704599162564,0.855175891891122
x,0,0.588992962380871,0.478846831945702,0.477374085923657
x,1,0.34117572195828,0.176895029144362,0.483569417148829
x,1,0.288157582981512,0.869250533636659,0.805805122014135
x,0,0.305970523040742,0.877123453188688,0.572539346525446
x,0,0.390781078720465,0.19630861049518,0.70924389665015
x,0,0.138216424267739,0.508113608928397,0.0968007615301758
x,0,0.172397898510098,0.0763269138988107,0.246842516353354
x,1,0.0969946831464767,0.913759106071666,0.402869807556272
x,1,0.596500638406724,0.227617656346411,0.294510438106954
x,0,0.000419278396293521,0.63987359078601,0.980560363503173
x,0,0.675744728650898,0.514780677389354,0.0564056586008519
x,1,0.912841516779736,0.158257675124332,0.0515391228254884
x,0,0.677576846210286,0.851710413582623,0.343948883237317
x,1,0.243872978026047,0.761249780422077,0.882924200966954
x,0,0.749275506241247,0.937156311236322,0.172263864427805
x,0,0.323811519192532,0.520661512156948,0.0300228751730174
x,1,0.324096878059208,0.37985172169283,0.0483069976326078
x,0,0.842487729154527,0.316084969323128,0.135620040819049
x,0,0.291665751021355,0.600071881664917,0.973627402214333
x,0,0.557302545756102,0.0931233274750412,0.753214925760403
x,0,0.195073056733236,0.87217978737317,0.915641299914569
x,0,0.426506366115063,0.384719952242449,0.412129081552848
x,1,0.956123262876645,0.413124078186229,0.770602622069418
x,1,0.950292668072507,0.894062825944275,0.523321576183662
x,1,0.0284796883352101,0.63252083491534,0.189860503422096
x,1,0.0888899762649089,0.144237466389313,0.119441176531836
x,0,0.715587381273508,0.859410147182643,0.157881626859307
x,1,0.0357231108937413,0.32225743541494,0.453676126431674
x,1,0.645110979210585,0.0320537218358368,0.819567723432556
x,0,0.499220724217594,0.272843022365123,0.318003193242475
x,0,0.832962374901399,0.305394612252712,0.946340763941407
x,0,0.370573407970369,0.209314157487825,0.178159168222919
x,1,0.633197281043977,0.123351456597447,0.779156560078263
x,1,0.0413745739497244,0.458455303683877,0.546350198565051
x,0,0.962377493502572,0.701164298923686,0.311684581683949
x,0,0.0885705382097512,0.11902860738337,0.226943189278245
x,1,0.0601364464964718,0.24081060080789,0.971106943907216
x,1,0.0888319723308086,0.433767336420715,0.950757145415992
x,0,0.569819392636418,0.0409670500084758,0.262738732155412
x,0,0.675572617677972,0.754503510892391,0.0518842476885766
x,1,0.230698144063354,0.0932063453365117,0.0618839997332543
x,0,0.301735580665991,0.153466785559431,0.962799123721197
x,1,0.0958842732943594,0.536536331055686,0.954690338810906
x,1,0.543939875438809,0.230071246856824,0.551543713314459
x,1,0.265603850129992,0.0843769167549908,0.130040547112003
x,1,0.0778794202487916,0.860981754725799,0.276609008666128
x,1,0.624026855686679,0.23073308239691,0.70048072305508
x,0,0.402733471244574,0.103932738071308,0.856781888986006
x,0,0.0926761103328317,0.475615554954857,0.827577125048265
x,0,0.767258277861401,0.30490767234005,0.134294827003032
x,1,0.734853874891996,0.506828145589679,0.625953778158873
x,0,0.335463216062635,0.826559116132557,0.966410917695612
x,1,0.300361713627353,0.327891553984955,0.894764312542975
x,1,0.307119316188619,0.436469976091757,0.0575798670761287
x,1,0.19525952427648,0.0109516070224345,0.672679085284472
x,0,0.494549358030781,0.32583929784596,0.754456201568246
x,0,0.741282531060278,0.876774354372174,0.152445797808468
x,1,0.67811196972616,0.218430004781112,0.869087361032143
x,1,0.14998467033729,0.507876105140895,0.486468410352245
x,1,0.282761515118182,0.567990723997355,0.820998625596985
x,1,0.73096903343685,0.683708528755233,0.0488688820041716
x,0,0.0268487243447453,0.763536452548578,0.886461599729955
x,0,0.053068530978635,0.919679461279884,0.164911998203024
x,0,0.844299559248611,0.972886366536841,0.800728756235912
x,0,0.851531609194353,0.942424321547151,0.198503206251189
x,1,0.409386440878734,0.847465813159943,0.56395551096648
x,1,0.253402377245948,0.968706730753183,0.137685179011896
x,1,0.710350588429719,0.916000299155712,0.411978932097554
x,1,0.155891536269337,0.976092818658799,0.404425630578771
x,0,0.373288956470788,0.477207538438961,0.174171839375049
x,0,0.952158528380096,0.301565573085099,0.765569989802316
x,1,0.0370795850176364,0.062320540426299,0.179745551897213
x,1,0.47561699571088,0.516890697414055,0.973255307413638
x,0,0.65479983552359,0.427682319190353,0.0307717544492334
x,0,0.867473353166133,0.359924372285604,0.796943074092269
x,1,0.462877517798916,0.602082988712937,0.859929463593289
x,0,0.659856372745708,0.640762449242175,0.140359137672931
x,1,0.417370609939098,0.592193031916395,0.93416777648963
x,1,0.633700802922249,0.889393807156011,0.00347196753136814
x,1,0.577421827241778,0.983221642905846,0.996867921203375
x,1,0.91711486899294,0.890368642751127,0.485332298092544
x,0,0.245436302386224,0.55012382264249,0.701504873577505
x,0,0.85365233453922,0.221886429935694,0.465082933427766
x,0,0.329257592558861,0.802841145778075,0.531491612549871
x,0,0.135107917711139,0.761602488346398,0.716075192205608
x,1,0.142382181249559,0.108189968392253,0.0426606461405754
x,1,0.0115047595463693,0.789330685511231,0.336641760077327
x,1,0.188317877938971,0.0701474391389638,0.0414334645029157
x,1,0.894993834896013,0.6809024696704,0.149345191894099
x,0,0.249357225839049,0.221858388744295,0.285328823607415
x,1,0.312949841609225,0.797346965642646,0.603546421276405
x,0,0.0438129510730505,0.708089713240042,0.381816591368988
x,1,0.313391186762601,0.808458671206608,0.716930386610329
x,0,0.692925161449239,0.53318955283612,0.644688731292263
x,0,0.0809942742343992,0.876911629457027,0.637511926470324
x,1,0.412732425611466,0.167991215828806,0.916864806553349
x,1,0.993241560645401,0.856540552340448,0.0532537242397666
x,1,0.849292104132473,0.504770546918735,0.515609623864293
x,1,0.837940286146477,0.330614482285455,0.662722875596955
x,0,0.135294070933014,0.0771815858315676,0.0627599835861474
x,0,0.882904524449259,0.583514127647504,0.906997225480154
x,1,0.642902122577652,0.549799335189164,0.0591916043777019
x,0,0.929093298735097,0.791099017951638,0.558200234081596
x,0,0.492616407573223,0.154426695778966,0.0772206478286535
x,0,0.234441889449954,0.187628282932565,0.388349125627428
x,1,0.555722831049934,0.971011262619868,0.868580783018842
x,0,0.345031489618123,0.801288117887452,0.67844779510051
x,1,0.816618753829971,0.834341981913894,0.43495291704312
x,0,0.051932536996901,0.657179471803829,0.928670528111979
x,1,0.171132439281791,0.404102755011991,0.126382699003443
x,0,0.732781635597348,0.373690006323159,0.336397719569504
x,1,0.23109710845165,0.344532625516877,0.0655393216293305
x,1,0.120346763636917,0.789665936259553,0.161896142410114
x,1,0.9397580078803,0.338426619768143,0.544342796551064
x,1,0.897393984952942,0.00923919281922281,0.649110696511343
x,0,0.171381744090468,0.874245491577312,0.238666902296245
x,1,0.0137101435102522,0.0317304292693734,0.300615699961782
x,1,0.11733998823911,0.982007547281682,0.489488277584314
x,1,0.438511491054669,0.108022641856223,0.208395240595564
x,0,0.996824655449018,0.214414139278233,0.346534990239888
x,1,0.624604744371027,0.443910860689357,0.696364589035511
x,0,0.513070657383651,0.249914698535576,0.232846059836447
x,0,0.239130108151585,0.00468769506551325,0.375625480897725
x,0,0.322290109004825,0.989034713478759,0.245730370748788
x,0,0.707571784034371,0.810642243595794,0.515263641253114
x,1,0.91835650918074,0.75502043729648,0.0219540346879512
x,1,0.552843212382868,0.424809120362625,0.797840906772763
x,1,0.148023039801046,0.735219850437716,0.746951131150126
x,0,0.933769144583493,0.0806002130266279,0.173553675645962
x,0,0.726880139671266,0.324031605152413,0.959273973247036
x,1,0.953657513251528,0.32521513919346,0.82381318625994
x,0,0.407147828023881,0.146095082629472,0.439452797640115
x,0,0.487146943341941,0.919511833461002,0.143758428515866
x,1,0.540368933230639,0.821884418372065,0.373279156628996
x,1,0.377929063281044,0.285828926833346,0.825292791007087
x,0,0.186124759027734,0.461561328032985,0.84746655751951
x,0,0.438923909794539,0.308511666953564,0.878240814665332
x,0,0.0843321310821921,0.695010658819228,0.591376521624625
x,1,0.302944098832086,0.496457340661436,0.716387231601402
x,1,0.408332169987261,0.619447460630909,0.126572075532749
x,1,0.276666200021282,0.509786180453375,0.188061465276405
x,1,0.926347822416574,0.983755718218163,0.697487408062443
x,0,0.957229278748855,0.891671206103638,0.203216765774414
x,1,0.338057532906532,0.584041110938415,0.450114571489394
x,1,0.137006764532998,0.768717613536865,0.611329928506166
x,0,0.655448214383796,0.678473423002288,0.0682478183880448
x,1,0.893339967355132,0.500747517682612,0.508772721979767
x,1,0.50838307547383,0.517707555089146,0.0655514402315021
x,1,0.330168444896117,0.526157238520682,0.498578409198672
x,0,0.414347823709249,0.871129275066778,0.428268217947334
x,0,0.73313946207054,0.0584407602436841,0.762316394131631
x,1,0.64219640311785,0.0756129359360784,0.677613941952586
x,0,0.676326651824638,0.90042092022486,0.212177451699972
x,1,0.128319868585095,0.528451330028474,0.249546696664765
x,1,0.552429345203564,0.50128769222647,0.748223425354809
x,0,0.749568219529465,0.194605839205906,0.598092791624367
x,1,0.9107222603634,0.500639960868284,0.551101776538417
x,1,0.531823988305405,0.59299780940637,0.0856516298372298
x,1,0.00234783859923482,0.122201235732064,0.196399281267077
x,0,0.0515745014417917,0.713220019824803,0.993507076287642
x,0,0.690836190246046,0.761085075326264,0.310767351882532
x,0,0.0726340126711875,0.30965157225728,0.511803331552073
x,0,0.233232083031908,0.0674935672432184,0.808403097791597
x,0,0.544592464808375,0.0331434644758701,0.781860488001257
x,1,0.907816515536979,0.12072921753861,0.362548203440383
x,1,0.452409531688318,0.916904852259904,0.0457376551348716
x,1,0.807898992672563,0.262287952471524,0.610268809599802
x,1,0.405674183508381,0.30706890206784,0.848113929154351
x,1,0.724171212408692,0.549468156415969,0.210612904280424
x,0,0.428969359956682,0.255809469614178,0.358196926768869
x,1,0.286501690279692,0.980871436418965,0.112320340704173
x,0,0.578027727780864,0.321452287724242,0.376825741026551
x,1,0.283839163603261,0.726496782386675,0.15368383564055
x,1,0.201090963790193,0.425802699988708,0.222285146825016
x,0,0.290517366258428,0.667403574800119,0.586141959298402
x,0,0.931076395092532,0.433807636843994,0.865183870773762
x,1,0.465945879695937,0.738482871325687,0.94697774364613
x,1,0.152368708513677,0.446358016459271,0.761854100273922
x,1,0.338855544570833,0.751224072417244,0.355370272882283
x,1,0.113794955192134,0.187647978309542,0.114865140290931
x,1,0.100386498728767,0.35679392889142,0.121348493266851
x,1,0.501173506025225,0.634504976915196,0.467041439842433
x,0,0.390603843843564,0.905395315727219,0.0895983725786209
x,0,0.568000359460711,0.343914168421179,0.772472690790892
x,1,0.965128838550299,0.592555243289098,0.304845681646839
x,1,0.317738129990175,0.307634606258944,0.924300064332783
x,0,0.392342591192573,0.805271280230954,0.026090577011928
x,0,0.467341019306332,0.255424924427643,0.108593915589154
x,0,0.812133611179888,0.293591435998678,0.544743853155524
x,1,0.0561448524240404,0.191424219869077,0.128890873398632
x,0,0.995096776634455,0.585020545637235,0.171895637409762
x,0,0.373392068315297,0.0142333582043648,0.328861985821277
x,0,0.130023556994274,0.0382814668118954,0.0315412243362516
x,1,0.345608279341832,0.0642150819767267,0.373781067784876
x,0,0.74794458784163,0.50685884966515,0.813850947422907
x,1,0.239973878255114,0.900075709447265,0.754638503305614
x,0,0.89987126016058,0.100073695415631,0.503912321059033
x,0,0.507848206441849,0.423460338031873,0.295126817421988
x,0,0.587485299678519,0.157726824749261,0.360546110663563
x,1,0.575515278382227,0.251320685725659,0.868460956262425
x,0,0.97394325886853,0.984164032852277,0.697123238351196
x,0,0.827523634536192,0.159237968735397,0.132424391340464
x,1,0.625022049527615,0.591788186691701,0.486139079090208
x,0,0.287510504480451,0.549253629753366,0.0170684978365898
x,0,0.0107286050915718,0.794957685284317,0.309029555879533
x,0,0.212303939042613,0.642279545543715,0.909527839394286
x,0,0.603416490368545,0.165159331634641,0.414153120014817
x,0,0.013290268369019,0.434942674590275,0.368841486051679
x,0,0.873990955995396,0.963093070778996,0.649530021240935
x,0,0.981653583934531,0.983951864531264,0.0688848553691059
x,0,0.0942219702992588,0.806192981777713,0.71853367309086
x,1,0.289224835578352,0.93837860878557,0.208266648231074
x,1,0.325885017635301,0.208912381902337,0.426820548949763
x,0,0.755263329483569,0.700934010325,0.323286334285513
x,1,0.658211154630408,0.0895481766201556,0.702731288969517
x,1,0.983058840036392,0.833260751795024,0.81917803757824
x,0,0.919424825580791,0.825309125240892,0.380378008587286
x,1,0.913734536385164,0.192534385947511,0.100750109646469
x,1,0.883678186219186,0.324279755353928,0.225948607549071
x,1,0.0528131006285548,0.00971097592264414,0.927516696974635
x,1,0.159728278405964,0.916000631870702,0.233932799426839
x,0,0.37388791074045,0.796494984300807,0.5970802991651
x,1,0.719599851407111,0.552580218296498,0.771674390649423
x,1,0.717535426607355,0.827046521008015,0.00642427196726203
x,0,0.0936246928758919,0.538496129214764,0.623611837858334
x,1,0.873274518176913,0.828222207259387,0.68677493929863
x,0,0.308465755777434,0.769336229888722,0.426988408900797
x,1,0.504134612856433,0.505264557665214,0.131630151765421
x,0,0.367382280528545,0.0816511698067188,0.934550303034484
x,1,0.934871307341382,0.953787956153974,0.561804577941075
x,1,0.337969633983448,0.880938961869106,0.0790393569041044
x,1,0.567865654826164,0.776582343503833,0.819189490517601
x,0,0.339244493981823,0.259215497411788,0.947507265023887
x,0,0.410732615506276,0.916459382046014,0.107493080431595
x,0,0.231677727075294,0.884459261782467,0.0732495861593634
x,1,0.464764466276392,0.388885066611692,0.0935591605957597
x,1,0.563259933143854,0.864986488129944,0.238678194349632
x,1,0.420407564612105,0.0928393793292344,0.538661378901452
x,0,0.964579593623057,0.568531134398654,0.779688616516069
x,1,0.132495229598135,0.170333189424127,0.178021784871817
x,1,0.593375225085765,0.1949022479821,0.699472910026088
x,1,0.476539297495037,0.810041536577046,0.0071721812710166
x,1,0.60215704026632,0.843107298482209,0.101527431281283
x,0,0.79787417454645,0.123363870428875,0.577667140169069
x,1,0.74766577873379,0.624663484981284,0.259231601143256
x,1,0.992983323521912,0.346184072783217,0.865798521786928
x,1,0.722089787712321,0.303515743697062,0.0786327023524791
x,0,0.411590134492144,0.227192205842584,0.017815962433815
x,0,0.834640378132463,0.369781504152343,0.662481697974727
x,0,0.664526773383841,0.703793229302391,0.788472847314551
x,0,0.783127192407846,0.776038830168545,0.289912972832099
x,0,0.662061450537294,0.946661577327177,0.484463270986453
x,1,0.623535112245008,0.996563342865556,0.0730246419552714
x,1,0.827936590183526,0.967518661171198,0.978808332933113
x,0,0.152511905413121,0.425962237641215,0.43956037145108
x,0,0.931812651921064,0.2488463728223,0.538260030327365
x,0,0.401336567476392,0.0618513626977801,0.519793489947915
x,0,0.675292653031647,0.665321661625057,0.983178289607167
x,1,0.341838466003537,0.0341688673943281,0.338724634842947
x,0,0.457407840294763,0.105314601678401,0.85808246023953
x,1,0.582285476615652,0.0421799982432276,0.880776181817055
x,0,0.13543238514103,0.838742086198181,0.489997284952551
x,0,0.879536422435194,0.795674170134589,0.318670996464789
x,1,0.719460628926754,0.342673359438777,0.400522867450491
x,1,0.705506538972259,0.856275460449979,0.576845253119245
x,0,0.938249772414565,0.438606519950554,0.753591948887333
x,1,0.0147797677200288,0.848790222546086,0.504793419269845
x,0,0.530370576074347,0.473632087931037,0.953150921268389
x,0,0.788365844869986,0.666487520327792,0.172554452205077
x,1,0.868442312115803,0.144070545211434,0.60264547704719
x,1,0.918942601419985,0.294889337383211,0.633560038171709
x,1,0.33400082285516,0.488197403727099,0.382933417335153
x,1,0.456585544394329,0.590688343159854,0.460403855424374
x,1,0.1063810326159,0.280043824808672,0.918538023484871
x,1,0.236123288515955,0.212892837123945,0.575936846900731
x,1,0.766632997896522,0.263927871594205,0.496764149516821
x,0,0.982736885780469,0.758323887130246,0.504216362955049
x,0,0.841661448124796,0.776331365806982,0.560437512118369
x,1,0.410387656884268,0.553927566623315,0.700396133353934
x,1,0.475276271812618,0.420695064589381,0.0192583554890007
x,0,0.345701485639438,0.0595680216792971,0.793788066366687
x,0,0.863469879375771,0.917233407963067,0.780584222171456
x,0,0.65955201908946,0.37555668130517,0.454701162874699
x,1,0.25028153299354,0.64121375232935,0.211463792948052
x,1,0.0979260890744627,0.6541032937821,0.0886336392723024
x,0,0.456864922307432,0.969409442506731,0.586570772575215
x,0,0.964819025248289,0.695855811005458,0.819084014045075
x,1,0.227399653522298,0.318977075861767,0.489875521976501
x,1,0.983583982102573,0.535105712711811,0.765105216298252
x,0,0.245789692504331,0.0813942251261324,0.938726343913004
x,0,0.252035069279373,0.148596451384947,0.458006072789431
x,1,0.300410927738994,0.622371440753341,0.628330400912091
x,0,0.614558000583202,0.974312040023506,0.212155935354531
x,1,0.206376503454521,0.871580070117489,0.47021183790639
x,0,0.502831680700183,0.830828135134652,0.543810170376673
x,0,0.865267154062167,0.0430598349776119,0.713672889396548
x,0,0.710907781496644,0.388635582756251,0.106088798027486
x,0,0.975127794547006,0.280909915454686,0.156325245043263
x,0,0.145812030881643,0.510592128150165,0.179163314867765
x,1,0.692463500890881,0.389557647518814,0.302722802618518
x,1,0.638155164662749,0.972594925668091,0.140467926627025
x,0,0.2472999766469,0.489056910155341,0.13228908716701
x,0,0.1311962059699,0.914804816711694,0.52634507464245
x,0,0.830828640144318,0.353790918365121,0.00253258319571614
x,1,0.814379442017525,0.904442869359627,0.496338814729825
x,1,0.111785042565316,0.72662633121945,0.450254860566929
x,0,0.371366702020168,0.0419131035450846,0.199507749872282
x,0,0.569782293168828,0.817146865883842,0.0883268127217889
x,0,0.0598551530856639,0.120419647777453,0.861995707731694
x,1,0.332643915433437,0.560573722003028,0.396917349891737
x,1,0.673297090921551,0.935465387767181,0.377111894777045
x,1,0.147932097082958,0.114720974117517,0.306758082704619
x,1,0.716037670150399,0.878424997441471,0.0367382769472897
x,1,0.147914896020666,0.826084296219051,0.453882528701797
x,1,0.571399523410946,0.689539043465629,0.866116293706
x,0,0.315419475547969,0.935188525822014,0.312904874328524
x,0,0.103335731429979,0.632838875986636,0.433094731532037
x,0,0.363494604127482,0.46369445300661,0.863688901765272
x,0,0.824504473945126,0.714122300967574,0.82352307648398
x,1,0.109709205105901,0.859123541973531,0.795734413200989
x,1,0.432943335268646,0.327021199045703,0.609127711039037
x,1,0.663234285311773,0.899324779398739,0.402739986544475
x,1,0.376124651171267,0.914526825072244,0.167804012075067
x,1,0.0591976314317435,0.127022348111495,0.0747569710947573
x,1,0.2568070567213,0.915347480215132,0.176592415198684
x,1,0.478086675750092,0.740954923210666,0.774914281675592
x,0,0.478951656026766,0.826105712680146,0.993646040325984
x,1,0.150456875562668,0.0092442431487143,0.414383196039125
x,1,0.259766543051228,0.511609467677772,0.796982867643237
x,0,0.361400542547926,0.880996391875669,0.893985215574503
x,0,0.174511954188347,0.884123049909249,0.460827335715294
x,0,0.623709593666717,0.903928173938766,0.445012612268329
x,0,0.641197480028495,0.0903076445683837,0.677345526171848
x,1,0.485852738609537,0.890910346060991,0.151832494884729
x,0,0.896237565902993,0.295278958743438,0.297922628000379
x,1,0.481686603976414,0.770581504330039,0.720138031058013
x,1,0.124082020949572,0.745523147983477,0.738732819212601
x,0,0.545722326263785,0.45611942303367,0.383727149339393
x,0,0.0842807756271213,0.393008744111285,0.471808633767068
x,1,0.975243827095255,0.236131292767823,0.909447432262823
x,1,0.0524789344053715,0.798739854712039,0.456034944858402
x,1,0.716131017077714,0.749867650447413,0.962842336390167
x,1,0.248322183731943,0.486985042225569,0.170957183232531
x,1,0.317764683859423,0.028272905619815,0.405647726496682
x,0,0.947095149429515,0.898276873165742,0.357267425395548
x,0,0.290628460003063,0.5150044944603,0.708742401795462
x,0,0.176409533014521,0.543983310228214,0.452136514009908
x,0,0.247918987181038,0.476896269246936,0.249580398434773
x,0,0.177103242604062,0.0592367809731513,0.954943104181439
x,1,0.426228693919256,0.95275929174386,0.229889924405143
x,0,0.905157263157889,0.861881194403395,0.827537161996588
x,1,0.981717686634511,0.666805647779256,0.966220682719722
x,0,0.992461062269285,0.132286419160664,0.214750671060756
x,0,0.730628246674314,0.938449396984652,0.187879398465157
x,0,0.337659227428958,0.255807595094666,0.333997609559447
x,1,0.256401372374967,0.4685485183727,0.854182272450998
x,1,0.59872151655145,0.328508652746677,0.0380528839305043
x,0,0.428544003516436,0.199213921325281,0.0595640568062663
x,1,0.86209996137768,0.688904516864568,0.25574649614282
x,0,0.15440149535425,0.918523378670216,0.660401698434725
x,0,0.181624604156241,0.493454337818548,0.423518281197175
x,1,0.206818497739732,0.371814733371139,0.681264475220814
x,0,0.654885474825278,0.097323483787477,0.59635597281158
x,1,0.638839902356267,0.298117115395144,0.161520332563668
x,0,0.359175050631166,0.902139419456944,0.00691565894521773
x,1,0.718485848046839,0.826550386147574,0.261675557354465
x,1,0.498164776945487,0.931582534918562,0.461204741382971
x,0,0.667823994765058,0.336735140299425,0.0128288338892162
x,0,0.510059718042612,0.0258813430555165,0.858036951394752
x,1,0.658081104746088,0.319861895404756,0.117143494309857
x,0,0.43334070337005,0.68379426188767,0.437479694606736
x,0,0.695169153157622,0.787163009867072,0.180446226615459
x,1,0.138340836158022,0.63040591403842,0.692636285442859
x,0,0.984645567135885,0.741148914210498,0.772245720028877
x,1,0.221063078148291,0.384054612135515,0.462261693784967
x,0,0.870246809674427,0.519729784457013,0.19791664625518
x,1,0.758472561137751,0.711575955152512,0.102150872116908
x,1,0.480066899675876,0.377631322480738,0.90874039568007
x,1,0.285381041932851,0.290948499925435,0.482045388314873
x,1,0.729466112563387,0.0884932402987033,0.877363321837038
x,1,0.252106914296746,0.284745106706396,0.71536181285046
x,0,0.627975459676236,0.138628890039399,0.244665048550814
x,1,0.546581325354055,0.131855253130198,0.284477697685361
x,1,0.157686333404854,0.793792371172458,0.259985530981794
x,0,0.438512648688629,0.794005074771121,0.874016853282228
x,1,0.284820789005607,0.485856813145801,0.0414707239251584
x,0,0.383502074051648,0.0318488932680339,0.506186000304297
x,0,0.686824011849239,0.926281081046909,0.806807024171576
x,1,0.619184337789193,0.250749354017898,0.6559338204097
x,1,0.475614739581943,0.962517950683832,0.833542704815045
x,0,0.944946590112522,0.663158325478435,0.482314442517236
x,1,0.513442872324958,0.262699176091701,0.254982671001926
x,0,0.0938392309471965,0.144388230284676,0.0619247623253614
x,1,0.478611672762781,0.452644556527957,0.308876723283902
x,0,0.372889995574951,0.173333097714931,0.551192427519709
x,0,0.53226311202161,0.030392947839573,0.305440509924665
x,1,0.713355787331238,0.784160534618422,0.670532589545473
x,1,0.546184473671019,0.230284839868546,0.174623779952526
x,1,0.995467875385657,0.556479191873223,0.27720453357324
x,1,0.529809569008648,0.888459822162986,0.531529369531199
x,0,0.342361372662708,0.386591845657676,0.904860000591725
x,0,0.453395011369139,0.457573525374755,0.670098455389962
x,0,0.0297528693918139,0.324093278031796,0.792138681747019
x,1,0.133679856080562,0.516404977533966,0.663749655243009
x,0,0.486665890319273,0.518406619084999,0.628807644592598
x,1,0.998194967396557,0.954285019775853,0.0841358790639788
x,0,0.101649408228695,0.259954034816474,0.469387890538201
x,0,0.428966909414157,0.74388080323115,0.715461958665401
x,0,0.235301686450839,0.841352186631411,0.960454960819334
x,0,0.411505602067336,0.578132557682693,0.0711010750383139
x,0,0.43105219816789,0.118694515665993,0.0399677399545908
x,0,0.197723831050098,0.554288076702505,0.00164598948322237
x,0,0.869761895155534,0.567113504279405,0.522126491414383
x,0,0.110493462765589,0.493261115858331,0.844365606084466
x,0,0.0456085896585137,0.437114826170728,0.686496976064518
x,0,0.530934767797589,0.312331506516784,0.701815949287266
x,1,0.0909864401910454,0.0344289659988135,0.594119746936485
x,0,0.687801297055557,0.986084511037916,0.482970397686586
x,1,0.0189978429116309,0.822424729121849,0.122587029822171
x,1,0.440771427005529,0.913366407854483,0.809086124412715
x,1,0.646716287126765,0.860862764529884,0.757150167133659
x,0,0.512539885006845,0.838068615878001,0.037572355940938
x,1,0.275910781463608,0.190849667415023,0.29413564899005
x,1,0.273754727561027,0.439994706772268,0.292758640600368
x,1,0.102513459743932,0.80609015468508,0.9323495849967
x,1,0.247808141401038,0.472311257850379,0.311081914696842
x,0,0.574066318338737,0.316891328897327,0.60597612359561
x,0,0.801586186978966,0.441727306228131,0.870443768100813
x,0,0.834151052171364,0.196690245997161,0.295404188334942
x,0,0.997767672874033,0.652177755953744,0.0414620684459805
x,1,0.453181419987231,0.0368995722383261,0.196774869691581
x,0,0.0517816510982811,0.744940449018031,0.47360044834204
x,1,0.725576690630987,0.479563252534717,0.574389259563759
x,1,0.221500590210781,0.493006856879219,0.456967083504423
x,1,0.599282052833587,0.340409204363823,0.990293506998569
x,1,0.722656085155904,0.278910289984196,0.330374574055895
x,0,0.273895315593109,0.889244703575969,0.646974818082526
x,0,0.426526589551941,0.519354547606781,0.395149636082351
x,1,0.0225482739042491,0.907408223021775,0.591126416111365
x,0,0.660100189968944,0.0543864641804248,0.781238892814144
x,1,0.0973314929287881,0.405471830395982,0.0613672176841646
x,1,0.87234449153766,0.0139164740685374,0.0941965314559639
x,1,0.399389761732891,0.117581721162423,0.343800267204642
x,0,0.945907769957557,0.326878619147465,0.79141176934354
x,1,0.304153057280928,0.613416080130264,0.328172897920012
x,1,0.612390585709363,0.528647125000134,0.807520420756191
x,0,0.31177871208638,0.201229695929214,0.150281586917117
x,0,0.763694241410121,0.339511612663046,0.00992829003371298
x,1,0.776234565768391,0.833296286407858,0.472677633166313
x,1,0.769522089045495,0.336099632782862,0.608531965408474
x,0,0.277755029732361,0.108562476234511,0.663033208809793
x,0,0.0548931388184428,0.512124209664762,0.941851460840553
x,0,0.0728890975005925,0.918872738955542,0.438395825680345
x,1,0.416083378717303,0.369791767559946,0.763291825307533
x,1,0.726889553014189,0.850924676749855,0.0464160367846489
x,0,0.649167096009478,0.486786126159132,0.0133571890182793
x,0,0.113178730010986,0.917692012852058,0.608894401462749
x,0,0.398790969047695,0.448770551476628,0.668750959448516
x,1,0.41347728902474,0.946468299021944,0.883432290051132
x,0,0.26583110098727,0.783752536401153,0.109641228802502
x,1,0.0935084607917815,0.0605702821630985,0.397955068852752
x,0,0.0624308963306248,0.926676303846762,0.994032048853114
x,1,0.671254383632913,0.539413923863322,0.68069045804441
x,1,0.743720256723464,0.211397028062493,0.773630926618353
x,1,0.644055909244344,0.906082512810826,0.980873377295211
x,0,0.821199096506462,0.526671024039388,0.50202972185798
x,1,0.776001673657447,0.249419701751322,0.396561833331361
x,0,0.539519761456177,0.852897980716079,0.25249730842188
x,1,0.495692974189296,0.699226903729141,0.777530365623534
x,1,0.547619057586417,0.0430050406139344,0.0890507113654166
x,0,0.262464568950236,0.941660878947005,0.0293921057600528
x,0,0.185918051982298,0.0438047524075955,0.708748650504276
x,1,0.0380034677218646,0.792895185528323,0.599501665215939
x,0,0.241474386537448,0.34158389386721,0.614404758438468
x,1,0.615492556244135,0.598199064377695,0.676333843963221
x,1,0.358464389806613,0.974969129310921,0.677638203836977
x,1,0.836625934811309,0.411627419758588,0.0978753280360252
x,0,0.642918830504641,0.462582671316341,0.577997569693252
x,0,0.786053067771718,0.903894113842398,0.200928265927359
x,1,0.507364332443103,0.532802025554702,0.0449355845339596
x,1,0.0337750357575715,0.72391598392278,0.891783297760412
x,1,0.598602007608861,0.482774530304596,0.784748637583107
x,0,0.733220593770966,0.115139322821051,0.981312079355121
x,1,0.551361340563744,0.487276879837736,0.70822706213221
x,1,0.885807130718604,0.525609839241952,0.752664792118594
x,0,0.0941002226900309,0.458610695321113,0.372260590316728
x,0,0.345203205244616,0.231883143307641,0.344591247849166
x,1,0.0546411576215178,0.847072317264974,0.524481567787006
x,0,0.620592288207263,0.992857990087941,0.149374801665545
x,1,0.177889657672495,0.730892638210207,0.635337786981836
x,0,0.573952140519395,0.47456445149146,0.0404723256360739
x,0,0.935756629100069,0.824223183095455,0.333176697604358
x,0,0.221345160156488,0.443259468302131,0.759310270892456
x,0,0.375618142774329,0.661316322628409,0.280472811544314
x,0,0.111134166130796,0.417601798428223,0.416330866981298
x,0,0.974820291390643,0.788303287932649,0.440019034780562
x,1,0.293344629229978,0.307052833260968,0.401420013979077
x,0,0.200167392380536,0.202641900163144,0.917102250037715
x,1,0.256394267082214,0.135991539806128,0.187888422282413
x,1,0.509741538204253,0.646757131209597,0.459949812153354
x,1,0.605358141474426,0.76932873041369,0.325361960567534
x,1,0.302893912652507,0.0780848001595587,0.0466100168414414
x,0,0.194086927222088,0.243104502558708,0.816303967731073
x,1,0.252874699188396,0.156735392287374,0.545543621992692
x,1,0.592467932729051,0.0464741268660873,0.957985209999606
x,1,0.412382536800578,0.0520077634137124,0.18396731140092
x,0,0.413122055819258,0.131798670161515,0.873922085622326
x,0,0.103922158014029,0.414173783967271,0.703152095666155
x,1,0.206586268963292,0.575597452698275,0.046677339123562
x,0,0.591909904731438,0.0751094331499189,0.0354532396886498
x,1,0.235362675506622,0.55446725920774,0.0626764732878655
x,0,0.985102392034605,0.515115751419216,0.232574926689267
x,0,0.349656713893637,0.96207152470015,0.91462071868591
x,0,0.324493397725746,0.820408675819635,0.593941876431927
x,0,0.429362600436434,0.109390049707144,0.471662509487942
x,1,0.944660571869463,0.86443793354556,0.12025697925128
x,1,0.0962253215257078,0.975772272096947,0.954318877309561
x,0,0.619840303435922,0.458392390515655,0.0981753699015826
x,0,0.963694472331554,0.333444986958057,0.208767289994285
x,0,0.714948123320937,0.885920819826424,0.903665482532233
x,1,0.545523001113907,0.849572294391692,0.657103634672239
x,1,0.768335250439122,0.535068427445367,0.375679660588503
x,0,0.449211979052052,0.240015973104164,0.784087755484506
x,1,0.112439304823056,0.998571608448401,0.820919480407611
x,1,0.5547171512153,0.0893172766081989,0.924891678616405
x,0,0.71400718903169,0.740958872251213,0.223883817670867
